{
  "output_lens": [
    32,
    64,
    128,
    256,
    512,
    1024,
    2048,
    4096,
    8192
  ],
  "vllm_ms": [
    49.00573870011916,
    88.01700514741242,
    170.7401345251128,
    347.7479981297317,
    679.8357547260821,
    1325.4712812718935,
    2672.8464114363305,
    5515.559926695035,
    11566.329981002491
  ],
  "megakernel_ms": [
    27.76,
    48.3,
    90.59,
    183.28,
    391.86,
    918.39,
    2362.3,
    6858.07,
    22317.41
  ]
}